mastery_id,user_id,node_id,mastery_score,username,node_name,node_difficulty,level,node_type
4,1,10,0.85,小崔,随机事件,0.65,大学,概念
5,1,11,0.86,小崔,排列 & 组合,0.92,大学,概念
6,1,12,0.95,小崔,古典概型,0.47,大学,概念
7,1,13,1.0,小崔,概率,0.95,大学,概念
8,1,14,1.0,小崔,加法/减法公式,0.22,大学,概念
9,1,15,0.84,小崔,条件概率,0.91,大学,概念
10,1,16,0.85,小崔,乘法公式,0.8,大学,概念
11,1,17,1.0,小崔,事件的相互独立,0.09,大学,概念
12,1,18,0.86,小崔,全概率公式,0.94,大学,定理
13,1,19,0.93,小崔,贝叶斯公式,0.54,大学,定理
14,1,20,0.82,小崔,一维随机变量,0.86,大学,概念
16,1,21,0.8,小崔,分布函数,0.97,大学,概念
17,1,22,0.84,小崔,随机变量函数的分布,0.3,大学,概念
18,1,30,0.82,小崔,连续型变量,0.5,大学,概念
19,1,31,0.0,小崔,概率密度,0.54,大学,概念
15,1,35,0.85,小崔,多维随机变量,0.94,大学,概念
1,1,7,1.0,小崔,随机现象,0.58,大学,概念
2,1,8,0.91,小崔,随机试验,0.71,大学,概念
3,1,9,0.89,小崔,样本空间,0.84,大学,概念
23,2,10,0.96,小陈,随机事件,0.65,大学,概念
24,2,11,0.85,小陈,排列 & 组合,0.92,大学,概念
25,2,12,0.83,小陈,古典概型,0.47,大学,概念
26,2,13,0.9,小陈,概率,0.95,大学,概念
27,2,14,0.96,小陈,加法/减法公式,0.22,大学,概念
28,2,15,0.81,小陈,条件概率,0.91,大学,概念
29,2,16,0.92,小陈,乘法公式,0.8,大学,概念
30,2,17,0.98,小陈,事件的相互独立,0.09,大学,概念
31,2,18,0.92,小陈,全概率公式,0.94,大学,定理
32,2,19,0.95,小陈,贝叶斯公式,0.54,大学,定理
33,2,20,0.91,小陈,一维随机变量,0.86,大学,概念
35,2,21,0.88,小陈,分布函数,0.97,大学,概念
36,2,22,0.81,小陈,随机变量函数的分布,0.3,大学,概念
42,2,23,0.81,小陈,离散型变量,0.98,大学,概念
43,2,24,0.91,小陈,分布律,0.7,大学,概念
44,2,25,0.88,小陈,0-1分布,0.27,大学,概念
47,2,26,0.91,小陈,二项分布,0.92,大学,概念
48,2,27,0.88,小陈,泊松分布,0.79,大学,概念
45,2,28,0.87,小陈,几何分布,0.48,大学,概念
46,2,29,0.89,小陈,超几何分布,0.71,大学,概念
37,2,30,0.87,小陈,连续型变量,0.5,大学,概念
38,2,31,0.98,小陈,概率密度,0.54,大学,概念
39,2,32,0.91,小陈,均匀分布,0.47,大学,概念
40,2,33,0.95,小陈,指数分布,0.52,大学,概念
41,2,34,0.85,小陈,正态分布,0.59,大学,概念
34,2,35,0.91,小陈,多维随机变量,0.94,大学,概念
49,2,36,0.91,小陈,矩母函数,0.35,大学,概念
50,2,37,0.88,小陈,数学期望,0.58,大学,概念
54,2,38,0.9,小陈,方差 & 标准差,0.94,大学,概念
51,2,39,0.88,小陈,协方差,0.75,大学,概念
52,2,40,0.92,小陈,相关系数 ρ,0.62,大学,概念
53,2,41,0.92,小陈,独立性与不相关性,0.93,大学,概念
55,2,42,0.82,小陈,切比雪夫不等式,0.26,大学,定理
56,2,43,0.87,小陈,大数定律,0.28,大学,定理
57,2,44,0.93,小陈,中心极限定理,0.22,大学,定理
61,2,45,0.85,小陈,总体、样本、统计量,0.93,大学,概念
59,2,46,0.87,小陈,χ²分布,0.41,大学,概念
60,2,47,0.87,小陈,t分布,0.44,大学,概念
58,2,48,0.8,小陈,F分布,0.22,大学,概念
62,2,49,1.0,小陈,正态总体下的抽样分布定理,0.63,大学,定理
64,2,50,1.0,小陈,参数估计,0.97,大学,概念
65,2,51,0.84,小陈,点估计,0.33,大学,概念
72,2,52,0.83,小陈,区间估计,0.94,大学,概念
68,2,53,0.89,小陈,矩估计法,0.38,大学,概念
70,2,54,0.86,小陈,最大似然估计法,0.87,大学,概念
63,2,55,0.89,小陈,假设检验,0.91,大学,概念
66,2,56,0.98,小陈,估计量的评价标准,0.33,大学,概念
67,2,57,0.85,小陈,无偏性,0.3,大学,概念
69,2,58,0.93,小陈,有效性,0.52,大学,概念
71,2,59,0.82,小陈,一致性,0.91,大学,概念
20,2,7,0.87,小陈,随机现象,0.58,大学,概念
21,2,8,0.86,小陈,随机试验,0.71,大学,概念
22,2,9,0.89,小陈,样本空间,0.84,大学,概念
76,3,10,0.93,小李,随机事件,0.65,大学,概念
77,3,11,0.85,小李,排列 & 组合,0.92,大学,概念
78,3,12,0.89,小李,古典概型,0.47,大学,概念
79,3,13,0.93,小李,概率,0.95,大学,概念
80,3,14,0.84,小李,加法/减法公式,0.22,大学,概念
81,3,15,0.84,小李,条件概率,0.91,大学,概念
82,3,16,0.8,小李,乘法公式,0.8,大学,概念
83,3,17,0.87,小李,事件的相互独立,0.09,大学,概念
84,3,18,0.91,小李,全概率公式,0.94,大学,定理
85,3,19,0.9,小李,贝叶斯公式,0.54,大学,定理
86,3,20,0.87,小李,一维随机变量,0.86,大学,概念
88,3,21,1.0,小李,分布函数,0.97,大学,概念
89,3,22,0.8,小李,随机变量函数的分布,0.3,大学,概念
95,3,23,0.9,小李,离散型变量,0.98,大学,概念
96,3,24,0.84,小李,分布律,0.7,大学,概念
97,3,25,0.96,小李,0-1分布,0.27,大学,概念
100,3,26,0.84,小李,二项分布,0.92,大学,概念
101,3,27,0.83,小李,泊松分布,0.79,大学,概念
98,3,28,0.86,小李,几何分布,0.48,大学,概念
99,3,29,0.87,小李,超几何分布,0.71,大学,概念
90,3,30,1.0,小李,连续型变量,0.5,大学,概念
91,3,31,0.91,小李,概率密度,0.54,大学,概念
92,3,32,0.93,小李,均匀分布,0.47,大学,概念
93,3,33,0.91,小李,指数分布,0.52,大学,概念
94,3,34,0.83,小李,正态分布,0.59,大学,概念
87,3,35,0.93,小李,多维随机变量,0.94,大学,概念
102,3,36,0.84,小李,矩母函数,0.35,大学,概念
103,3,37,0.88,小李,数学期望,0.58,大学,概念
107,3,38,0.89,小李,方差 & 标准差,0.94,大学,概念
104,3,39,0.88,小李,协方差,0.75,大学,概念
105,3,40,0.8,小李,相关系数 ρ,0.62,大学,概念
106,3,41,0.89,小李,独立性与不相关性,0.93,大学,概念
108,3,42,0.94,小李,切比雪夫不等式,0.26,大学,定理
109,3,43,0.9,小李,大数定律,0.28,大学,定理
110,3,44,0.8,小李,中心极限定理,0.22,大学,定理
114,3,45,0.83,小李,总体、样本、统计量,0.93,大学,概念
112,3,46,0.84,小李,χ²分布,0.41,大学,概念
113,3,47,0.8,小李,t分布,0.44,大学,概念
111,3,48,0.86,小李,F分布,0.22,大学,概念
115,3,49,0.88,小李,正态总体下的抽样分布定理,0.63,大学,定理
117,3,50,0.87,小李,参数估计,0.97,大学,概念
118,3,51,0.84,小李,点估计,0.33,大学,概念
125,3,52,0.8,小李,区间估计,0.94,大学,概念
121,3,53,0.91,小李,矩估计法,0.38,大学,概念
123,3,54,0.94,小李,最大似然估计法,0.87,大学,概念
116,3,55,0.92,小李,假设检验,0.91,大学,概念
119,3,56,0.87,小李,估计量的评价标准,0.33,大学,概念
120,3,57,0.93,小李,无偏性,0.3,大学,概念
122,3,58,0.95,小李,有效性,0.52,大学,概念
124,3,59,0.82,小李,一致性,0.91,大学,概念
73,3,7,0.85,小李,随机现象,0.58,大学,概念
74,3,8,0.85,小李,随机试验,0.71,大学,概念
75,3,9,0.9,小李,样本空间,0.84,大学,概念
129,4,10,0.93,小张,随机事件,0.65,大学,概念
130,4,11,0.88,小张,排列 & 组合,0.92,大学,概念
131,4,12,0.93,小张,古典概型,0.47,大学,概念
132,4,13,0.93,小张,概率,0.95,大学,概念
133,4,14,0.89,小张,加法/减法公式,0.22,大学,概念
134,4,15,0.92,小张,条件概率,0.91,大学,概念
135,4,16,0.82,小张,乘法公式,0.8,大学,概念
136,4,17,0.82,小张,事件的相互独立,0.09,大学,概念
137,4,18,0.9,小张,全概率公式,0.94,大学,定理
138,4,19,0.92,小张,贝叶斯公式,0.54,大学,定理
139,4,20,0.87,小张,一维随机变量,0.86,大学,概念
141,4,21,0.87,小张,分布函数,0.97,大学,概念
142,4,22,0.93,小张,随机变量函数的分布,0.3,大学,概念
148,4,23,0.89,小张,离散型变量,0.98,大学,概念
149,4,24,0.91,小张,分布律,0.7,大学,概念
150,4,25,0.88,小张,0-1分布,0.27,大学,概念
153,4,26,0.86,小张,二项分布,0.92,大学,概念
154,4,27,0.93,小张,泊松分布,0.79,大学,概念
151,4,28,0.87,小张,几何分布,0.48,大学,概念
152,4,29,0.95,小张,超几何分布,0.71,大学,概念
143,4,30,0.85,小张,连续型变量,0.5,大学,概念
144,4,31,0.93,小张,概率密度,0.54,大学,概念
145,4,32,0.84,小张,均匀分布,0.47,大学,概念
146,4,33,1.0,小张,指数分布,0.52,大学,概念
147,4,34,0.96,小张,正态分布,0.59,大学,概念
140,4,35,0.91,小张,多维随机变量,0.94,大学,概念
155,4,36,0.3,小张,矩母函数,0.35,大学,概念
126,4,7,0.89,小张,随机现象,0.58,大学,概念
127,4,8,0.84,小张,随机试验,0.71,大学,概念
128,4,9,0.82,小张,样本空间,0.84,大学,概念
159,5,10,0.96,小王,随机事件,0.65,大学,概念
160,5,11,0.84,小王,排列 & 组合,0.92,大学,概念
161,5,12,0.84,小王,古典概型,0.47,大学,概念
162,5,13,0.89,小王,概率,0.95,大学,概念
163,5,14,1.0,小王,加法/减法公式,0.22,大学,概念
164,5,15,0.86,小王,条件概率,0.91,大学,概念
165,5,16,0.84,小王,乘法公式,0.8,大学,概念
166,5,17,0.84,小王,事件的相互独立,0.09,大学,概念
167,5,18,0.87,小王,全概率公式,0.94,大学,定理
168,5,19,0.89,小王,贝叶斯公式,0.54,大学,定理
169,5,20,1.0,小王,一维随机变量,0.86,大学,概念
171,5,21,0.8,小王,分布函数,0.97,大学,概念
172,5,22,1.0,小王,随机变量函数的分布,0.3,大学,概念
178,5,23,0.82,小王,离散型变量,0.98,大学,概念
179,5,24,0.87,小王,分布律,0.7,大学,概念
180,5,25,0.86,小王,0-1分布,0.27,大学,概念
183,5,26,0.88,小王,二项分布,0.92,大学,概念
184,5,27,1.0,小王,泊松分布,0.79,大学,概念
181,5,28,0.96,小王,几何分布,0.48,大学,概念
182,5,29,0.97,小王,超几何分布,0.71,大学,概念
173,5,30,0.8,小王,连续型变量,0.5,大学,概念
174,5,31,0.89,小王,概率密度,0.54,大学,概念
175,5,32,0.89,小王,均匀分布,0.47,大学,概念
176,5,33,1.0,小王,指数分布,0.52,大学,概念
177,5,34,0.84,小王,正态分布,0.59,大学,概念
170,5,35,0.95,小王,多维随机变量,0.94,大学,概念
185,5,36,1.0,小王,矩母函数,0.35,大学,概念
186,5,37,0.84,小王,数学期望,0.58,大学,概念
190,5,38,0.84,小王,方差 & 标准差,0.94,大学,概念
187,5,39,0.89,小王,协方差,0.75,大学,概念
188,5,40,0.89,小王,相关系数 ρ,0.62,大学,概念
189,5,41,0.91,小王,独立性与不相关性,0.93,大学,概念
191,5,42,0.9,小王,切比雪夫不等式,0.26,大学,定理
192,5,43,0.88,小王,大数定律,0.28,大学,定理
193,5,44,0.98,小王,中心极限定理,0.22,大学,定理
197,5,45,0.84,小王,总体、样本、统计量,0.93,大学,概念
195,5,46,0.89,小王,χ²分布,0.41,大学,概念
196,5,47,0.89,小王,t分布,0.44,大学,概念
194,5,48,0.83,小王,F分布,0.22,大学,概念
198,5,49,0.84,小王,正态总体下的抽样分布定理,0.63,大学,定理
200,5,50,1.0,小王,参数估计,0.97,大学,概念
201,5,51,0.64,小王,点估计,0.33,大学,概念
199,5,55,0.89,小王,假设检验,0.91,大学,概念
156,5,7,0.86,小王,随机现象,0.58,大学,概念
157,5,8,1.0,小王,随机试验,0.71,大学,概念
158,5,9,0.87,小王,样本空间,0.84,大学,概念
205,6,10,0.97,小赵,随机事件,0.65,大学,概念
206,6,11,0.85,小赵,排列 & 组合,0.92,大学,概念
207,6,12,0.87,小赵,古典概型,0.47,大学,概念
208,6,13,0.92,小赵,概率,0.95,大学,概念
209,6,14,0.9,小赵,加法/减法公式,0.22,大学,概念
210,6,15,0.89,小赵,条件概率,0.91,大学,概念
211,6,16,0.89,小赵,乘法公式,0.8,大学,概念
212,6,17,0.95,小赵,事件的相互独立,0.09,大学,概念
213,6,18,0.91,小赵,全概率公式,0.94,大学,定理
214,6,19,0.95,小赵,贝叶斯公式,0.54,大学,定理
215,6,20,0.87,小赵,一维随机变量,0.86,大学,概念
217,6,21,0.54,小赵,分布函数,0.97,大学,概念
216,6,35,0.85,小赵,多维随机变量,0.94,大学,概念
202,6,7,0.89,小赵,随机现象,0.58,大学,概念
203,6,8,0.81,小赵,随机试验,0.71,大学,概念
204,6,9,0.85,小赵,样本空间,0.84,大学,概念
221,7,10,1.0,小钱,随机事件,0.65,大学,概念
222,7,11,0.86,小钱,排列 & 组合,0.92,大学,概念
223,7,12,0.88,小钱,古典概型,0.47,大学,概念
224,7,13,0.86,小钱,概率,0.95,大学,概念
225,7,14,0.93,小钱,加法/减法公式,0.22,大学,概念
226,7,15,0.85,小钱,条件概率,0.91,大学,概念
227,7,16,0.8,小钱,乘法公式,0.8,大学,概念
228,7,17,0.81,小钱,事件的相互独立,0.09,大学,概念
229,7,18,0.86,小钱,全概率公式,0.94,大学,定理
230,7,19,1.0,小钱,贝叶斯公式,0.54,大学,定理
231,7,20,0.95,小钱,一维随机变量,0.86,大学,概念
233,7,21,0.91,小钱,分布函数,0.97,大学,概念
234,7,22,0.89,小钱,随机变量函数的分布,0.3,大学,概念
240,7,23,0.92,小钱,离散型变量,0.98,大学,概念
241,7,24,0.93,小钱,分布律,0.7,大学,概念
242,7,25,0.97,小钱,0-1分布,0.27,大学,概念
245,7,26,0.86,小钱,二项分布,0.92,大学,概念
246,7,27,0.86,小钱,泊松分布,0.79,大学,概念
243,7,28,0.94,小钱,几何分布,0.48,大学,概念
244,7,29,0.97,小钱,超几何分布,0.71,大学,概念
235,7,30,1.0,小钱,连续型变量,0.5,大学,概念
236,7,31,0.91,小钱,概率密度,0.54,大学,概念
237,7,32,0.96,小钱,均匀分布,0.47,大学,概念
238,7,33,0.87,小钱,指数分布,0.52,大学,概念
239,7,34,0.85,小钱,正态分布,0.59,大学,概念
232,7,35,0.8,小钱,多维随机变量,0.94,大学,概念
247,7,36,0.98,小钱,矩母函数,0.35,大学,概念
248,7,37,0.94,小钱,数学期望,0.58,大学,概念
252,7,38,0.86,小钱,方差 & 标准差,0.94,大学,概念
249,7,39,0.8,小钱,协方差,0.75,大学,概念
250,7,40,0.96,小钱,相关系数 ρ,0.62,大学,概念
251,7,41,0.87,小钱,独立性与不相关性,0.93,大学,概念
253,7,42,1.0,小钱,切比雪夫不等式,0.26,大学,定理
254,7,43,0.85,小钱,大数定律,0.28,大学,定理
255,7,44,1.0,小钱,中心极限定理,0.22,大学,定理
259,7,45,0.92,小钱,总体、样本、统计量,0.93,大学,概念
257,7,46,0.82,小钱,χ²分布,0.41,大学,概念
258,7,47,0.89,小钱,t分布,0.44,大学,概念
256,7,48,0.93,小钱,F分布,0.22,大学,概念
260,7,49,0.86,小钱,正态总体下的抽样分布定理,0.63,大学,定理
262,7,50,0.99,小钱,参数估计,0.97,大学,概念
263,7,51,0.82,小钱,点估计,0.33,大学,概念
270,7,52,0.86,小钱,区间估计,0.94,大学,概念
266,7,53,0.91,小钱,矩估计法,0.38,大学,概念
268,7,54,0.91,小钱,最大似然估计法,0.87,大学,概念
261,7,55,0.9,小钱,假设检验,0.91,大学,概念
264,7,56,0.98,小钱,估计量的评价标准,0.33,大学,概念
265,7,57,0.94,小钱,无偏性,0.3,大学,概念
267,7,58,0.99,小钱,有效性,0.52,大学,概念
269,7,59,0.81,小钱,一致性,0.91,大学,概念
218,7,7,0.88,小钱,随机现象,0.58,大学,概念
219,7,8,0.84,小钱,随机试验,0.71,大学,概念
220,7,9,0.96,小钱,样本空间,0.84,大学,概念
274,8,10,1.0,小孙,随机事件,0.65,大学,概念
275,8,11,0.95,小孙,排列 & 组合,0.92,大学,概念
276,8,12,0.9,小孙,古典概型,0.47,大学,概念
277,8,13,0.31,小孙,概率,0.95,大学,概念
271,8,7,1.0,小孙,随机现象,0.58,大学,概念
272,8,8,0.98,小孙,随机试验,0.71,大学,概念
273,8,9,0.83,小孙,样本空间,0.84,大学,概念
281,9,10,0.88,小周,随机事件,0.65,大学,概念
282,9,11,0.93,小周,排列 & 组合,0.92,大学,概念
283,9,12,0.87,小周,古典概型,0.47,大学,概念
284,9,13,0.89,小周,概率,0.95,大学,概念
285,9,14,0.84,小周,加法/减法公式,0.22,大学,概念
286,9,15,0.83,小周,条件概率,0.91,大学,概念
287,9,16,1.0,小周,乘法公式,0.8,大学,概念
288,9,17,0.81,小周,事件的相互独立,0.09,大学,概念
289,9,18,0.86,小周,全概率公式,0.94,大学,定理
290,9,19,0.9,小周,贝叶斯公式,0.54,大学,定理
291,9,20,0.83,小周,一维随机变量,0.86,大学,概念
293,9,21,1.0,小周,分布函数,0.97,大学,概念
294,9,22,0.94,小周,随机变量函数的分布,0.3,大学,概念
300,9,23,0.83,小周,离散型变量,0.98,大学,概念
301,9,24,0.82,小周,分布律,0.7,大学,概念
302,9,25,0.89,小周,0-1分布,0.27,大学,概念
305,9,26,0.82,小周,二项分布,0.92,大学,概念
306,9,27,0.87,小周,泊松分布,0.79,大学,概念
303,9,28,0.92,小周,几何分布,0.48,大学,概念
304,9,29,0.93,小周,超几何分布,0.71,大学,概念
295,9,30,0.94,小周,连续型变量,0.5,大学,概念
296,9,31,0.87,小周,概率密度,0.54,大学,概念
297,9,32,0.86,小周,均匀分布,0.47,大学,概念
298,9,33,0.92,小周,指数分布,0.52,大学,概念
299,9,34,0.84,小周,正态分布,0.59,大学,概念
292,9,35,0.93,小周,多维随机变量,0.94,大学,概念
307,9,36,0.89,小周,矩母函数,0.35,大学,概念
308,9,37,0.83,小周,数学期望,0.58,大学,概念
312,9,38,0.88,小周,方差 & 标准差,0.94,大学,概念
309,9,39,0.86,小周,协方差,0.75,大学,概念
310,9,40,0.83,小周,相关系数 ρ,0.62,大学,概念
311,9,41,0.87,小周,独立性与不相关性,0.93,大学,概念
313,9,42,0.88,小周,切比雪夫不等式,0.26,大学,定理
314,9,43,0.87,小周,大数定律,0.28,大学,定理
315,9,44,0.85,小周,中心极限定理,0.22,大学,定理
319,9,45,1.0,小周,总体、样本、统计量,0.93,大学,概念
317,9,46,1.0,小周,χ²分布,0.41,大学,概念
318,9,47,0.96,小周,t分布,0.44,大学,概念
316,9,48,0.94,小周,F分布,0.22,大学,概念
320,9,49,0.81,小周,正态总体下的抽样分布定理,0.63,大学,定理
322,9,50,0.87,小周,参数估计,0.97,大学,概念
323,9,51,0.86,小周,点估计,0.33,大学,概念
330,9,52,0.88,小周,区间估计,0.94,大学,概念
326,9,53,0.88,小周,矩估计法,0.38,大学,概念
328,9,54,0.91,小周,最大似然估计法,0.87,大学,概念
321,9,55,0.87,小周,假设检验,0.91,大学,概念
324,9,56,0.95,小周,估计量的评价标准,0.33,大学,概念
325,9,57,0.88,小周,无偏性,0.3,大学,概念
327,9,58,0.82,小周,有效性,0.52,大学,概念
329,9,59,0.82,小周,一致性,0.91,大学,概念
278,9,7,0.88,小周,随机现象,0.58,大学,概念
279,9,8,0.86,小周,随机试验,0.71,大学,概念
280,9,9,0.89,小周,样本空间,0.84,大学,概念
334,10,10,0.9,小吴,随机事件,0.65,大学,概念
335,10,11,0.85,小吴,排列 & 组合,0.92,大学,概念
336,10,12,0.97,小吴,古典概型,0.47,大学,概念
337,10,13,0.84,小吴,概率,0.95,大学,概念
338,10,14,0.91,小吴,加法/减法公式,0.22,大学,概念
339,10,15,0.87,小吴,条件概率,0.91,大学,概念
340,10,16,0.82,小吴,乘法公式,0.8,大学,概念
341,10,17,0.94,小吴,事件的相互独立,0.09,大学,概念
342,10,18,0.93,小吴,全概率公式,0.94,大学,定理
343,10,19,0.83,小吴,贝叶斯公式,0.54,大学,定理
344,10,20,0.92,小吴,一维随机变量,0.86,大学,概念
346,10,21,0.8,小吴,分布函数,0.97,大学,概念
347,10,22,0.9,小吴,随机变量函数的分布,0.3,大学,概念
353,10,23,0.88,小吴,离散型变量,0.98,大学,概念
354,10,24,0.83,小吴,分布律,0.7,大学,概念
355,10,25,0.81,小吴,0-1分布,0.27,大学,概念
358,10,26,1.0,小吴,二项分布,0.92,大学,概念
356,10,28,0.82,小吴,几何分布,0.48,大学,概念
357,10,29,0.95,小吴,超几何分布,0.71,大学,概念
348,10,30,0.89,小吴,连续型变量,0.5,大学,概念
349,10,31,0.85,小吴,概率密度,0.54,大学,概念
350,10,32,0.98,小吴,均匀分布,0.47,大学,概念
351,10,33,0.83,小吴,指数分布,0.52,大学,概念
352,10,34,0.84,小吴,正态分布,0.59,大学,概念
345,10,35,0.93,小吴,多维随机变量,0.94,大学,概念
331,10,7,0.9,小吴,随机现象,0.58,大学,概念
332,10,8,0.81,小吴,随机试验,0.71,大学,概念
333,10,9,0.86,小吴,样本空间,0.84,大学,概念
362,11,10,0.99,小郑,随机事件,0.65,大学,概念
363,11,11,0.26,小郑,排列 & 组合,0.92,大学,概念
359,11,7,0.94,小郑,随机现象,0.58,大学,概念
360,11,8,0.89,小郑,随机试验,0.71,大学,概念
361,11,9,0.94,小郑,样本空间,0.84,大学,概念
367,12,10,0.81,小冯,随机事件,0.65,大学,概念
368,12,11,0.8,小冯,排列 & 组合,0.92,大学,概念
369,12,12,0.96,小冯,古典概型,0.47,大学,概念
370,12,13,0.86,小冯,概率,0.95,大学,概念
371,12,14,0.89,小冯,加法/减法公式,0.22,大学,概念
372,12,15,0.89,小冯,条件概率,0.91,大学,概念
373,12,16,1.0,小冯,乘法公式,0.8,大学,概念
374,12,17,1.0,小冯,事件的相互独立,0.09,大学,概念
375,12,18,0.9,小冯,全概率公式,0.94,大学,定理
376,12,19,0.89,小冯,贝叶斯公式,0.54,大学,定理
377,12,20,0.98,小冯,一维随机变量,0.86,大学,概念
379,12,21,0.96,小冯,分布函数,0.97,大学,概念
380,12,22,0.89,小冯,随机变量函数的分布,0.3,大学,概念
386,12,23,0.96,小冯,离散型变量,0.98,大学,概念
387,12,24,0.86,小冯,分布律,0.7,大学,概念
388,12,25,0.91,小冯,0-1分布,0.27,大学,概念
391,12,26,1.0,小冯,二项分布,0.92,大学,概念
392,12,27,0.85,小冯,泊松分布,0.79,大学,概念
389,12,28,0.91,小冯,几何分布,0.48,大学,概念
390,12,29,0.89,小冯,超几何分布,0.71,大学,概念
381,12,30,0.86,小冯,连续型变量,0.5,大学,概念
382,12,31,0.86,小冯,概率密度,0.54,大学,概念
383,12,32,0.86,小冯,均匀分布,0.47,大学,概念
384,12,33,0.85,小冯,指数分布,0.52,大学,概念
385,12,34,0.82,小冯,正态分布,0.59,大学,概念
378,12,35,0.96,小冯,多维随机变量,0.94,大学,概念
393,12,36,0.9,小冯,矩母函数,0.35,大学,概念
394,12,37,0.8,小冯,数学期望,0.58,大学,概念
398,12,38,0.86,小冯,方差 & 标准差,0.94,大学,概念
395,12,39,0.86,小冯,协方差,0.75,大学,概念
396,12,40,0.89,小冯,相关系数 ρ,0.62,大学,概念
397,12,41,0.91,小冯,独立性与不相关性,0.93,大学,概念
399,12,42,0.82,小冯,切比雪夫不等式,0.26,大学,定理
400,12,43,0.87,小冯,大数定律,0.28,大学,定理
401,12,44,0.93,小冯,中心极限定理,0.22,大学,定理
405,12,45,0.89,小冯,总体、样本、统计量,0.93,大学,概念
403,12,46,0.83,小冯,χ²分布,0.41,大学,概念
404,12,47,1.0,小冯,t分布,0.44,大学,概念
402,12,48,0.93,小冯,F分布,0.22,大学,概念
406,12,49,0.82,小冯,正态总体下的抽样分布定理,0.63,大学,定理
408,12,50,0.82,小冯,参数估计,0.97,大学,概念
409,12,51,0.0,小冯,点估计,0.33,大学,概念
407,12,55,0.86,小冯,假设检验,0.91,大学,概念
364,12,7,0.92,小冯,随机现象,0.58,大学,概念
365,12,8,0.97,小冯,随机试验,0.71,大学,概念
366,12,9,0.87,小冯,样本空间,0.84,大学,概念
413,13,10,0.81,小陆,随机事件,0.65,大学,概念
414,13,11,1.0,小陆,排列 & 组合,0.92,大学,概念
415,13,12,0.9,小陆,古典概型,0.47,大学,概念
416,13,13,0.83,小陆,概率,0.95,大学,概念
417,13,14,1.0,小陆,加法/减法公式,0.22,大学,概念
418,13,15,0.86,小陆,条件概率,0.91,大学,概念
419,13,16,0.91,小陆,乘法公式,0.8,大学,概念
420,13,17,0.85,小陆,事件的相互独立,0.09,大学,概念
421,13,18,0.87,小陆,全概率公式,0.94,大学,定理
422,13,19,0.86,小陆,贝叶斯公式,0.54,大学,定理
423,13,20,0.9,小陆,一维随机变量,0.86,大学,概念
425,13,21,0.82,小陆,分布函数,0.97,大学,概念
426,13,22,0.81,小陆,随机变量函数的分布,0.3,大学,概念
432,13,23,0.89,小陆,离散型变量,0.98,大学,概念
433,13,24,0.83,小陆,分布律,0.7,大学,概念
434,13,25,0.91,小陆,0-1分布,0.27,大学,概念
437,13,26,1.0,小陆,二项分布,0.92,大学,概念
438,13,27,0.87,小陆,泊松分布,0.79,大学,概念
435,13,28,0.9,小陆,几何分布,0.48,大学,概念
436,13,29,0.87,小陆,超几何分布,0.71,大学,概念
427,13,30,0.84,小陆,连续型变量,0.5,大学,概念
428,13,31,0.82,小陆,概率密度,0.54,大学,概念
429,13,32,0.89,小陆,均匀分布,0.47,大学,概念
430,13,33,0.87,小陆,指数分布,0.52,大学,概念
431,13,34,0.96,小陆,正态分布,0.59,大学,概念
424,13,35,0.95,小陆,多维随机变量,0.94,大学,概念
439,13,36,0.84,小陆,矩母函数,0.35,大学,概念
440,13,37,1.0,小陆,数学期望,0.58,大学,概念
441,13,39,0.95,小陆,协方差,0.75,大学,概念
442,13,40,0.29,小陆,相关系数 ρ,0.62,大学,概念
410,13,7,0.99,小陆,随机现象,0.58,大学,概念
411,13,8,0.96,小陆,随机试验,0.71,大学,概念
412,13,9,0.9,小陆,样本空间,0.84,大学,概念
446,14,10,0.93,小丁,随机事件,0.65,大学,概念
447,14,11,0.83,小丁,排列 & 组合,0.92,大学,概念
448,14,12,0.94,小丁,古典概型,0.47,大学,概念
449,14,13,0.93,小丁,概率,0.95,大学,概念
450,14,14,0.94,小丁,加法/减法公式,0.22,大学,概念
451,14,15,0.93,小丁,条件概率,0.91,大学,概念
452,14,16,0.87,小丁,乘法公式,0.8,大学,概念
453,14,17,1.0,小丁,事件的相互独立,0.09,大学,概念
454,14,18,0.92,小丁,全概率公式,0.94,大学,定理
455,14,19,0.87,小丁,贝叶斯公式,0.54,大学,定理
456,14,20,0.83,小丁,一维随机变量,0.86,大学,概念
458,14,21,0.85,小丁,分布函数,0.97,大学,概念
459,14,22,1.0,小丁,随机变量函数的分布,0.3,大学,概念
465,14,23,0.84,小丁,离散型变量,0.98,大学,概念
466,14,24,0.88,小丁,分布律,0.7,大学,概念
467,14,25,0.84,小丁,0-1分布,0.27,大学,概念
470,14,26,0.9,小丁,二项分布,0.92,大学,概念
471,14,27,0.87,小丁,泊松分布,0.79,大学,概念
468,14,28,0.84,小丁,几何分布,0.48,大学,概念
469,14,29,0.9,小丁,超几何分布,0.71,大学,概念
460,14,30,0.89,小丁,连续型变量,0.5,大学,概念
461,14,31,0.91,小丁,概率密度,0.54,大学,概念
462,14,32,0.9,小丁,均匀分布,0.47,大学,概念
463,14,33,0.8,小丁,指数分布,0.52,大学,概念
464,14,34,0.9,小丁,正态分布,0.59,大学,概念
457,14,35,0.81,小丁,多维随机变量,0.94,大学,概念
472,14,36,0.84,小丁,矩母函数,0.35,大学,概念
473,14,37,0.81,小丁,数学期望,0.58,大学,概念
474,14,39,0.8,小丁,协方差,0.75,大学,概念
475,14,40,0.91,小丁,相关系数 ρ,0.62,大学,概念
476,14,41,0.34,小丁,独立性与不相关性,0.93,大学,概念
443,14,7,0.88,小丁,随机现象,0.58,大学,概念
444,14,8,0.82,小丁,随机试验,0.71,大学,概念
445,14,9,0.89,小丁,样本空间,0.84,大学,概念
480,15,10,0.98,小石,随机事件,0.65,大学,概念
481,15,11,0.85,小石,排列 & 组合,0.92,大学,概念
482,15,12,0.84,小石,古典概型,0.47,大学,概念
483,15,13,0.88,小石,概率,0.95,大学,概念
484,15,14,0.84,小石,加法/减法公式,0.22,大学,概念
485,15,15,0.95,小石,条件概率,0.91,大学,概念
486,15,16,0.92,小石,乘法公式,0.8,大学,概念
487,15,17,1.0,小石,事件的相互独立,0.09,大学,概念
488,15,18,0.86,小石,全概率公式,0.94,大学,定理
489,15,19,0.98,小石,贝叶斯公式,0.54,大学,定理
490,15,20,0.98,小石,一维随机变量,0.86,大学,概念
492,15,21,0.86,小石,分布函数,0.97,大学,概念
493,15,22,0.83,小石,随机变量函数的分布,0.3,大学,概念
499,15,23,0.89,小石,离散型变量,0.98,大学,概念
494,15,30,0.82,小石,连续型变量,0.5,大学,概念
495,15,31,0.91,小石,概率密度,0.54,大学,概念
496,15,32,0.89,小石,均匀分布,0.47,大学,概念
497,15,33,0.95,小石,指数分布,0.52,大学,概念
498,15,34,0.83,小石,正态分布,0.59,大学,概念
491,15,35,0.96,小石,多维随机变量,0.94,大学,概念
477,15,7,0.83,小石,随机现象,0.58,大学,概念
478,15,8,0.81,小石,随机试验,0.71,大学,概念
479,15,9,0.9,小石,样本空间,0.84,大学,概念
503,16,10,0.94,小田,随机事件,0.65,大学,概念
504,16,11,1.0,小田,排列 & 组合,0.92,大学,概念
505,16,12,0.88,小田,古典概型,0.47,大学,概念
506,16,13,0.82,小田,概率,0.95,大学,概念
507,16,14,0.87,小田,加法/减法公式,0.22,大学,概念
508,16,15,0.87,小田,条件概率,0.91,大学,概念
509,16,16,0.83,小田,乘法公式,0.8,大学,概念
510,16,17,1.0,小田,事件的相互独立,0.09,大学,概念
511,16,18,1.0,小田,全概率公式,0.94,大学,定理
512,16,19,0.96,小田,贝叶斯公式,0.54,大学,定理
513,16,20,0.96,小田,一维随机变量,0.86,大学,概念
515,16,21,1.0,小田,分布函数,0.97,大学,概念
516,16,22,0.92,小田,随机变量函数的分布,0.3,大学,概念
522,16,23,0.84,小田,离散型变量,0.98,大学,概念
523,16,24,0.86,小田,分布律,0.7,大学,概念
524,16,25,0.84,小田,0-1分布,0.27,大学,概念
527,16,26,1.0,小田,二项分布,0.92,大学,概念
528,16,27,0.85,小田,泊松分布,0.79,大学,概念
525,16,28,0.88,小田,几何分布,0.48,大学,概念
526,16,29,0.9,小田,超几何分布,0.71,大学,概念
517,16,30,0.88,小田,连续型变量,0.5,大学,概念
518,16,31,1.0,小田,概率密度,0.54,大学,概念
519,16,32,0.8,小田,均匀分布,0.47,大学,概念
520,16,33,0.89,小田,指数分布,0.52,大学,概念
521,16,34,1.0,小田,正态分布,0.59,大学,概念
514,16,35,1.0,小田,多维随机变量,0.94,大学,概念
529,16,36,0.95,小田,矩母函数,0.35,大学,概念
530,16,37,0.95,小田,数学期望,0.58,大学,概念
534,16,38,0.93,小田,方差 & 标准差,0.94,大学,概念
531,16,39,0.84,小田,协方差,0.75,大学,概念
532,16,40,1.0,小田,相关系数 ρ,0.62,大学,概念
533,16,41,1.0,小田,独立性与不相关性,0.93,大学,概念
535,16,42,0.86,小田,切比雪夫不等式,0.26,大学,定理
536,16,43,0.85,小田,大数定律,0.28,大学,定理
537,16,44,0.85,小田,中心极限定理,0.22,大学,定理
541,16,45,0.92,小田,总体、样本、统计量,0.93,大学,概念
539,16,46,0.86,小田,χ²分布,0.41,大学,概念
540,16,47,0.88,小田,t分布,0.44,大学,概念
538,16,48,0.85,小田,F分布,0.22,大学,概念
542,16,49,0.93,小田,正态总体下的抽样分布定理,0.63,大学,定理
544,16,50,0.92,小田,参数估计,0.97,大学,概念
545,16,51,1.0,小田,点估计,0.33,大学,概念
543,16,55,1.0,小田,假设检验,0.91,大学,概念
546,16,56,0.83,小田,估计量的评价标准,0.33,大学,概念
547,16,57,0.61,小田,无偏性,0.3,大学,概念
500,16,7,0.81,小田,随机现象,0.58,大学,概念
501,16,8,0.99,小田,随机试验,0.71,大学,概念
502,16,9,1.0,小田,样本空间,0.84,大学,概念
551,17,10,0.9,小何,随机事件,0.65,大学,概念
552,17,11,0.93,小何,排列 & 组合,0.92,大学,概念
553,17,12,0.85,小何,古典概型,0.47,大学,概念
554,17,13,0.83,小何,概率,0.95,大学,概念
555,17,14,1.0,小何,加法/减法公式,0.22,大学,概念
556,17,15,0.84,小何,条件概率,0.91,大学,概念
557,17,16,0.83,小何,乘法公式,0.8,大学,概念
558,17,17,0.89,小何,事件的相互独立,0.09,大学,概念
559,17,18,0.88,小何,全概率公式,0.94,大学,定理
560,17,19,0.93,小何,贝叶斯公式,0.54,大学,定理
561,17,20,0.3,小何,一维随机变量,0.86,大学,概念
548,17,7,0.91,小何,随机现象,0.58,大学,概念
549,17,8,0.8,小何,随机试验,0.71,大学,概念
550,17,9,0.92,小何,样本空间,0.84,大学,概念
565,18,10,1.0,小林,随机事件,0.65,大学,概念
566,18,11,0.83,小林,排列 & 组合,0.92,大学,概念
567,18,12,0.95,小林,古典概型,0.47,大学,概念
568,18,13,0.58,小林,概率,0.95,大学,概念
562,18,7,0.85,小林,随机现象,0.58,大学,概念
563,18,8,0.84,小林,随机试验,0.71,大学,概念
564,18,9,0.82,小林,样本空间,0.84,大学,概念
572,19,10,0.81,小徐,随机事件,0.65,大学,概念
573,19,11,1.0,小徐,排列 & 组合,0.92,大学,概念
574,19,12,0.94,小徐,古典概型,0.47,大学,概念
575,19,13,0.85,小徐,概率,0.95,大学,概念
576,19,14,1.0,小徐,加法/减法公式,0.22,大学,概念
577,19,15,0.81,小徐,条件概率,0.91,大学,概念
578,19,16,0.85,小徐,乘法公式,0.8,大学,概念
579,19,17,0.83,小徐,事件的相互独立,0.09,大学,概念
580,19,18,0.88,小徐,全概率公式,0.94,大学,定理
581,19,19,0.94,小徐,贝叶斯公式,0.54,大学,定理
582,19,20,0.86,小徐,一维随机变量,0.86,大学,概念
584,19,21,0.85,小徐,分布函数,0.97,大学,概念
585,19,22,1.0,小徐,随机变量函数的分布,0.3,大学,概念
591,19,23,1.0,小徐,离散型变量,0.98,大学,概念
592,19,24,1.0,小徐,分布律,0.7,大学,概念
593,19,25,0.93,小徐,0-1分布,0.27,大学,概念
596,19,26,0.81,小徐,二项分布,0.92,大学,概念
597,19,27,0.99,小徐,泊松分布,0.79,大学,概念
594,19,28,0.83,小徐,几何分布,0.48,大学,概念
595,19,29,0.87,小徐,超几何分布,0.71,大学,概念
586,19,30,0.87,小徐,连续型变量,0.5,大学,概念
587,19,31,0.91,小徐,概率密度,0.54,大学,概念
588,19,32,0.88,小徐,均匀分布,0.47,大学,概念
589,19,33,0.91,小徐,指数分布,0.52,大学,概念
590,19,34,0.84,小徐,正态分布,0.59,大学,概念
583,19,35,1.0,小徐,多维随机变量,0.94,大学,概念
598,19,36,1.0,小徐,矩母函数,0.35,大学,概念
599,19,37,0.82,小徐,数学期望,0.58,大学,概念
603,19,38,0.85,小徐,方差 & 标准差,0.94,大学,概念
600,19,39,0.92,小徐,协方差,0.75,大学,概念
601,19,40,0.92,小徐,相关系数 ρ,0.62,大学,概念
602,19,41,0.82,小徐,独立性与不相关性,0.93,大学,概念
604,19,42,0.56,小徐,切比雪夫不等式,0.26,大学,定理
569,19,7,0.92,小徐,随机现象,0.58,大学,概念
570,19,8,1.0,小徐,随机试验,0.71,大学,概念
571,19,9,0.88,小徐,样本空间,0.84,大学,概念
608,20,10,0.83,小黄,随机事件,0.65,大学,概念
609,20,11,0.89,小黄,排列 & 组合,0.92,大学,概念
610,20,12,0.92,小黄,古典概型,0.47,大学,概念
611,20,13,0.93,小黄,概率,0.95,大学,概念
612,20,14,0.98,小黄,加法/减法公式,0.22,大学,概念
613,20,15,0.9,小黄,条件概率,0.91,大学,概念
614,20,16,0.83,小黄,乘法公式,0.8,大学,概念
615,20,17,0.85,小黄,事件的相互独立,0.09,大学,概念
616,20,18,0.87,小黄,全概率公式,0.94,大学,定理
617,20,19,0.9,小黄,贝叶斯公式,0.54,大学,定理
618,20,20,0.85,小黄,一维随机变量,0.86,大学,概念
620,20,21,0.86,小黄,分布函数,0.97,大学,概念
621,20,22,1.0,小黄,随机变量函数的分布,0.3,大学,概念
627,20,23,0.85,小黄,离散型变量,0.98,大学,概念
628,20,24,0.27,小黄,分布律,0.7,大学,概念
622,20,30,1.0,小黄,连续型变量,0.5,大学,概念
623,20,31,0.92,小黄,概率密度,0.54,大学,概念
624,20,32,0.88,小黄,均匀分布,0.47,大学,概念
625,20,33,0.93,小黄,指数分布,0.52,大学,概念
626,20,34,0.88,小黄,正态分布,0.59,大学,概念
619,20,35,0.89,小黄,多维随机变量,0.94,大学,概念
605,20,7,0.98,小黄,随机现象,0.58,大学,概念
606,20,8,0.86,小黄,随机试验,0.71,大学,概念
607,20,9,0.92,小黄,样本空间,0.84,大学,概念
632,22,10,0.83,小刘,随机事件,0.65,大学,概念
633,22,11,0.94,小刘,排列 & 组合,0.92,大学,概念
634,22,12,0.93,小刘,古典概型,0.47,大学,概念
635,22,13,0.88,小刘,概率,0.95,大学,概念
636,22,14,0.96,小刘,加法/减法公式,0.22,大学,概念
637,22,15,0.9,小刘,条件概率,0.91,大学,概念
638,22,16,0.81,小刘,乘法公式,0.8,大学,概念
639,22,17,0.86,小刘,事件的相互独立,0.09,大学,概念
640,22,18,0.82,小刘,全概率公式,0.94,大学,定理
641,22,19,0.92,小刘,贝叶斯公式,0.54,大学,定理
642,22,20,0.83,小刘,一维随机变量,0.86,大学,概念
644,22,21,0.9,小刘,分布函数,0.97,大学,概念
645,22,22,0.91,小刘,随机变量函数的分布,0.3,大学,概念
646,22,30,0.91,小刘,连续型变量,0.5,大学,概念
647,22,31,1.0,小刘,概率密度,0.54,大学,概念
648,22,32,0.0,小刘,均匀分布,0.47,大学,概念
643,22,35,0.91,小刘,多维随机变量,0.94,大学,概念
629,22,7,0.9,小刘,随机现象,0.58,大学,概念
630,22,8,0.86,小刘,随机试验,0.71,大学,概念
631,22,9,0.9,小刘,样本空间,0.84,大学,概念
652,23,10,0.91,小杨,随机事件,0.65,大学,概念
653,23,11,0.83,小杨,排列 & 组合,0.92,大学,概念
654,23,12,0.95,小杨,古典概型,0.47,大学,概念
655,23,13,0.95,小杨,概率,0.95,大学,概念
656,23,14,0.92,小杨,加法/减法公式,0.22,大学,概念
657,23,15,0.81,小杨,条件概率,0.91,大学,概念
658,23,16,0.87,小杨,乘法公式,0.8,大学,概念
659,23,17,0.82,小杨,事件的相互独立,0.09,大学,概念
660,23,18,0.9,小杨,全概率公式,0.94,大学,定理
661,23,19,0.96,小杨,贝叶斯公式,0.54,大学,定理
662,23,20,0.9,小杨,一维随机变量,0.86,大学,概念
664,23,21,0.83,小杨,分布函数,0.97,大学,概念
665,23,22,0.86,小杨,随机变量函数的分布,0.3,大学,概念
671,23,23,0.85,小杨,离散型变量,0.98,大学,概念
672,23,24,0.82,小杨,分布律,0.7,大学,概念
673,23,25,0.92,小杨,0-1分布,0.27,大学,概念
676,23,26,0.89,小杨,二项分布,0.92,大学,概念
677,23,27,0.85,小杨,泊松分布,0.79,大学,概念
674,23,28,0.87,小杨,几何分布,0.48,大学,概念
675,23,29,0.89,小杨,超几何分布,0.71,大学,概念
666,23,30,0.9,小杨,连续型变量,0.5,大学,概念
667,23,31,0.86,小杨,概率密度,0.54,大学,概念
668,23,32,0.95,小杨,均匀分布,0.47,大学,概念
669,23,33,0.82,小杨,指数分布,0.52,大学,概念
670,23,34,0.86,小杨,正态分布,0.59,大学,概念
663,23,35,0.91,小杨,多维随机变量,0.94,大学,概念
678,23,36,0.94,小杨,矩母函数,0.35,大学,概念
679,23,37,0.83,小杨,数学期望,0.58,大学,概念
683,23,38,0.9,小杨,方差 & 标准差,0.94,大学,概念
680,23,39,0.88,小杨,协方差,0.75,大学,概念
681,23,40,0.89,小杨,相关系数 ρ,0.62,大学,概念
682,23,41,0.93,小杨,独立性与不相关性,0.93,大学,概念
684,23,42,0.89,小杨,切比雪夫不等式,0.26,大学,定理
685,23,43,0.82,小杨,大数定律,0.28,大学,定理
686,23,44,0.9,小杨,中心极限定理,0.22,大学,定理
690,23,45,0.98,小杨,总体、样本、统计量,0.93,大学,概念
688,23,46,0.87,小杨,χ²分布,0.41,大学,概念
689,23,47,0.87,小杨,t分布,0.44,大学,概念
687,23,48,0.91,小杨,F分布,0.22,大学,概念
691,23,49,0.8,小杨,正态总体下的抽样分布定理,0.63,大学,定理
693,23,50,1.0,小杨,参数估计,0.97,大学,概念
694,23,51,0.89,小杨,点估计,0.33,大学,概念
701,23,52,0.98,小杨,区间估计,0.94,大学,概念
697,23,53,0.87,小杨,矩估计法,0.38,大学,概念
699,23,54,0.94,小杨,最大似然估计法,0.87,大学,概念
692,23,55,0.84,小杨,假设检验,0.91,大学,概念
695,23,56,0.89,小杨,估计量的评价标准,0.33,大学,概念
696,23,57,0.89,小杨,无偏性,0.3,大学,概念
698,23,58,0.87,小杨,有效性,0.52,大学,概念
700,23,59,0.81,小杨,一致性,0.91,大学,概念
649,23,7,0.9,小杨,随机现象,0.58,大学,概念
650,23,8,0.8,小杨,随机试验,0.71,大学,概念
651,23,9,0.93,小杨,样本空间,0.84,大学,概念
705,24,10,0.94,小宋,随机事件,0.65,大学,概念
706,24,11,0.89,小宋,排列 & 组合,0.92,大学,概念
707,24,12,0.86,小宋,古典概型,0.47,大学,概念
708,24,13,0.95,小宋,概率,0.95,大学,概念
709,24,14,0.84,小宋,加法/减法公式,0.22,大学,概念
710,24,15,0.86,小宋,条件概率,0.91,大学,概念
711,24,16,0.96,小宋,乘法公式,0.8,大学,概念
712,24,17,1.0,小宋,事件的相互独立,0.09,大学,概念
713,24,18,0.83,小宋,全概率公式,0.94,大学,定理
714,24,19,0.88,小宋,贝叶斯公式,0.54,大学,定理
715,24,20,0.87,小宋,一维随机变量,0.86,大学,概念
717,24,21,0.85,小宋,分布函数,0.97,大学,概念
718,24,22,0.94,小宋,随机变量函数的分布,0.3,大学,概念
724,24,23,0.99,小宋,离散型变量,0.98,大学,概念
725,24,24,0.94,小宋,分布律,0.7,大学,概念
726,24,25,0.84,小宋,0-1分布,0.27,大学,概念
729,24,26,0.83,小宋,二项分布,0.92,大学,概念
730,24,27,0.82,小宋,泊松分布,0.79,大学,概念
727,24,28,0.85,小宋,几何分布,0.48,大学,概念
728,24,29,0.89,小宋,超几何分布,0.71,大学,概念
719,24,30,1.0,小宋,连续型变量,0.5,大学,概念
720,24,31,0.95,小宋,概率密度,0.54,大学,概念
721,24,32,0.91,小宋,均匀分布,0.47,大学,概念
722,24,33,0.87,小宋,指数分布,0.52,大学,概念
723,24,34,0.8,小宋,正态分布,0.59,大学,概念
716,24,35,0.96,小宋,多维随机变量,0.94,大学,概念
731,24,36,0.96,小宋,矩母函数,0.35,大学,概念
732,24,37,0.88,小宋,数学期望,0.58,大学,概念
736,24,38,0.87,小宋,方差 & 标准差,0.94,大学,概念
733,24,39,0.91,小宋,协方差,0.75,大学,概念
734,24,40,0.83,小宋,相关系数 ρ,0.62,大学,概念
735,24,41,0.94,小宋,独立性与不相关性,0.93,大学,概念
737,24,42,0.87,小宋,切比雪夫不等式,0.26,大学,定理
738,24,43,0.87,小宋,大数定律,0.28,大学,定理
739,24,44,0.97,小宋,中心极限定理,0.22,大学,定理
743,24,45,1.0,小宋,总体、样本、统计量,0.93,大学,概念
741,24,46,0.93,小宋,χ²分布,0.41,大学,概念
742,24,47,0.89,小宋,t分布,0.44,大学,概念
740,24,48,0.95,小宋,F分布,0.22,大学,概念
744,24,49,0.81,小宋,正态总体下的抽样分布定理,0.63,大学,定理
746,24,50,0.86,小宋,参数估计,0.97,大学,概念
747,24,51,0.82,小宋,点估计,0.33,大学,概念
754,24,52,0.88,小宋,区间估计,0.94,大学,概念
750,24,53,0.95,小宋,矩估计法,0.38,大学,概念
752,24,54,0.83,小宋,最大似然估计法,0.87,大学,概念
745,24,55,0.81,小宋,假设检验,0.91,大学,概念
748,24,56,0.99,小宋,估计量的评价标准,0.33,大学,概念
749,24,57,0.85,小宋,无偏性,0.3,大学,概念
751,24,58,0.89,小宋,有效性,0.52,大学,概念
753,24,59,1.0,小宋,一致性,0.91,大学,概念
702,24,7,0.87,小宋,随机现象,0.58,大学,概念
703,24,8,1.0,小宋,随机试验,0.71,大学,概念
704,24,9,0.86,小宋,样本空间,0.84,大学,概念
758,25,10,1.0,小韩,随机事件,0.65,大学,概念
759,25,11,1.0,小韩,排列 & 组合,0.92,大学,概念
760,25,12,1.0,小韩,古典概型,0.47,大学,概念
755,25,7,0.91,小韩,随机现象,0.58,大学,概念
756,25,8,0.86,小韩,随机试验,0.71,大学,概念
757,25,9,0.87,小韩,样本空间,0.84,大学,概念
764,26,10,0.94,小魏,随机事件,0.65,大学,概念
765,26,11,0.89,小魏,排列 & 组合,0.92,大学,概念
766,26,12,0.87,小魏,古典概型,0.47,大学,概念
767,26,13,0.92,小魏,概率,0.95,大学,概念
768,26,14,0.92,小魏,加法/减法公式,0.22,大学,概念
769,26,15,0.89,小魏,条件概率,0.91,大学,概念
770,26,16,1.0,小魏,乘法公式,0.8,大学,概念
771,26,17,0.8,小魏,事件的相互独立,0.09,大学,概念
772,26,18,0.88,小魏,全概率公式,0.94,大学,定理
773,26,19,0.97,小魏,贝叶斯公式,0.54,大学,定理
774,26,20,0.89,小魏,一维随机变量,0.86,大学,概念
776,26,21,0.86,小魏,分布函数,0.97,大学,概念
777,26,22,0.81,小魏,随机变量函数的分布,0.3,大学,概念
783,26,23,0.84,小魏,离散型变量,0.98,大学,概念
784,26,24,0.9,小魏,分布律,0.7,大学,概念
785,26,25,0.28,小魏,0-1分布,0.27,大学,概念
778,26,30,0.86,小魏,连续型变量,0.5,大学,概念
779,26,31,0.93,小魏,概率密度,0.54,大学,概念
780,26,32,0.88,小魏,均匀分布,0.47,大学,概念
781,26,33,0.89,小魏,指数分布,0.52,大学,概念
782,26,34,0.83,小魏,正态分布,0.59,大学,概念
775,26,35,0.91,小魏,多维随机变量,0.94,大学,概念
761,26,7,0.93,小魏,随机现象,0.58,大学,概念
762,26,8,0.86,小魏,随机试验,0.71,大学,概念
763,26,9,0.86,小魏,样本空间,0.84,大学,概念
789,27,10,0.94,小邓,随机事件,0.65,大学,概念
790,27,11,0.85,小邓,排列 & 组合,0.92,大学,概念
791,27,12,0.93,小邓,古典概型,0.47,大学,概念
792,27,13,0.93,小邓,概率,0.95,大学,概念
793,27,14,0.85,小邓,加法/减法公式,0.22,大学,概念
794,27,15,0.84,小邓,条件概率,0.91,大学,概念
795,27,16,1.0,小邓,乘法公式,0.8,大学,概念
796,27,17,1.0,小邓,事件的相互独立,0.09,大学,概念
797,27,18,0.93,小邓,全概率公式,0.94,大学,定理
798,27,19,0.82,小邓,贝叶斯公式,0.54,大学,定理
799,27,20,0.94,小邓,一维随机变量,0.86,大学,概念
801,27,21,0.8,小邓,分布函数,0.97,大学,概念
802,27,22,0.87,小邓,随机变量函数的分布,0.3,大学,概念
808,27,23,0.84,小邓,离散型变量,0.98,大学,概念
809,27,24,0.9,小邓,分布律,0.7,大学,概念
810,27,25,0.88,小邓,0-1分布,0.27,大学,概念
813,27,26,0.82,小邓,二项分布,0.92,大学,概念
814,27,27,0.84,小邓,泊松分布,0.79,大学,概念
811,27,28,0.82,小邓,几何分布,0.48,大学,概念
812,27,29,0.85,小邓,超几何分布,0.71,大学,概念
803,27,30,0.9,小邓,连续型变量,0.5,大学,概念
804,27,31,0.82,小邓,概率密度,0.54,大学,概念
805,27,32,0.95,小邓,均匀分布,0.47,大学,概念
806,27,33,0.94,小邓,指数分布,0.52,大学,概念
807,27,34,0.9,小邓,正态分布,0.59,大学,概念
800,27,35,0.85,小邓,多维随机变量,0.94,大学,概念
815,27,36,0.9,小邓,矩母函数,0.35,大学,概念
816,27,37,0.85,小邓,数学期望,0.58,大学,概念
820,27,38,0.88,小邓,方差 & 标准差,0.94,大学,概念
817,27,39,0.85,小邓,协方差,0.75,大学,概念
818,27,40,0.95,小邓,相关系数 ρ,0.62,大学,概念
819,27,41,0.89,小邓,独立性与不相关性,0.93,大学,概念
821,27,42,0.9,小邓,切比雪夫不等式,0.26,大学,定理
822,27,43,0.82,小邓,大数定律,0.28,大学,定理
823,27,44,0.8,小邓,中心极限定理,0.22,大学,定理
827,27,45,0.93,小邓,总体、样本、统计量,0.93,大学,概念
825,27,46,0.86,小邓,χ²分布,0.41,大学,概念
826,27,47,0.83,小邓,t分布,0.44,大学,概念
824,27,48,0.84,小邓,F分布,0.22,大学,概念
828,27,49,0.85,小邓,正态总体下的抽样分布定理,0.63,大学,定理
829,27,55,0.55,小邓,假设检验,0.91,大学,概念
786,27,7,0.99,小邓,随机现象,0.58,大学,概念
787,27,8,1.0,小邓,随机试验,0.71,大学,概念
788,27,9,0.91,小邓,样本空间,0.84,大学,概念
833,28,10,0.98,小许,随机事件,0.65,大学,概念
834,28,11,0.84,小许,排列 & 组合,0.92,大学,概念
835,28,12,0.86,小许,古典概型,0.47,大学,概念
836,28,13,0.86,小许,概率,0.95,大学,概念
837,28,14,0.85,小许,加法/减法公式,0.22,大学,概念
838,28,15,0.88,小许,条件概率,0.91,大学,概念
839,28,16,1.0,小许,乘法公式,0.8,大学,概念
840,28,17,0.88,小许,事件的相互独立,0.09,大学,概念
841,28,18,0.88,小许,全概率公式,0.94,大学,定理
842,28,19,0.88,小许,贝叶斯公式,0.54,大学,定理
843,28,20,0.96,小许,一维随机变量,0.86,大学,概念
845,28,21,1.0,小许,分布函数,0.97,大学,概念
846,28,22,0.82,小许,随机变量函数的分布,0.3,大学,概念
852,28,23,0.88,小许,离散型变量,0.98,大学,概念
853,28,24,0.98,小许,分布律,0.7,大学,概念
854,28,25,0.8,小许,0-1分布,0.27,大学,概念
857,28,26,0.87,小许,二项分布,0.92,大学,概念
858,28,27,0.93,小许,泊松分布,0.79,大学,概念
855,28,28,1.0,小许,几何分布,0.48,大学,概念
856,28,29,0.85,小许,超几何分布,0.71,大学,概念
847,28,30,0.89,小许,连续型变量,0.5,大学,概念
848,28,31,0.9,小许,概率密度,0.54,大学,概念
849,28,32,0.98,小许,均匀分布,0.47,大学,概念
850,28,33,0.83,小许,指数分布,0.52,大学,概念
851,28,34,0.83,小许,正态分布,0.59,大学,概念
844,28,35,0.96,小许,多维随机变量,0.94,大学,概念
859,28,36,0.93,小许,矩母函数,0.35,大学,概念
860,28,37,0.81,小许,数学期望,0.58,大学,概念
864,28,38,0.86,小许,方差 & 标准差,0.94,大学,概念
861,28,39,0.85,小许,协方差,0.75,大学,概念
862,28,40,0.85,小许,相关系数 ρ,0.62,大学,概念
863,28,41,0.94,小许,独立性与不相关性,0.93,大学,概念
865,28,42,0.91,小许,切比雪夫不等式,0.26,大学,定理
866,28,43,0.91,小许,大数定律,0.28,大学,定理
867,28,44,0.91,小许,中心极限定理,0.22,大学,定理
871,28,45,0.87,小许,总体、样本、统计量,0.93,大学,概念
869,28,46,0.9,小许,χ²分布,0.41,大学,概念
870,28,47,0.86,小许,t分布,0.44,大学,概念
868,28,48,1.0,小许,F分布,0.22,大学,概念
872,28,49,0.81,小许,正态总体下的抽样分布定理,0.63,大学,定理
874,28,50,0.89,小许,参数估计,0.97,大学,概念
875,28,51,0.81,小许,点估计,0.33,大学,概念
882,28,52,0.84,小许,区间估计,0.94,大学,概念
878,28,53,0.91,小许,矩估计法,0.38,大学,概念
880,28,54,0.87,小许,最大似然估计法,0.87,大学,概念
873,28,55,0.86,小许,假设检验,0.91,大学,概念
876,28,56,0.89,小许,估计量的评价标准,0.33,大学,概念
877,28,57,0.81,小许,无偏性,0.3,大学,概念
879,28,58,0.83,小许,有效性,0.52,大学,概念
881,28,59,0.83,小许,一致性,0.91,大学,概念
830,28,7,0.99,小许,随机现象,0.58,大学,概念
831,28,8,0.81,小许,随机试验,0.71,大学,概念
832,28,9,0.85,小许,样本空间,0.84,大学,概念
886,29,10,1.0,小曾,随机事件,0.65,大学,概念
887,29,11,0.89,小曾,排列 & 组合,0.92,大学,概念
888,29,12,0.99,小曾,古典概型,0.47,大学,概念
889,29,13,0.86,小曾,概率,0.95,大学,概念
890,29,14,0.87,小曾,加法/减法公式,0.22,大学,概念
891,29,15,0.87,小曾,条件概率,0.91,大学,概念
892,29,16,0.98,小曾,乘法公式,0.8,大学,概念
893,29,17,0.88,小曾,事件的相互独立,0.09,大学,概念
894,29,18,0.9,小曾,全概率公式,0.94,大学,定理
895,29,19,0.9,小曾,贝叶斯公式,0.54,大学,定理
896,29,20,0.96,小曾,一维随机变量,0.86,大学,概念
898,29,21,1.0,小曾,分布函数,0.97,大学,概念
899,29,22,1.0,小曾,随机变量函数的分布,0.3,大学,概念
905,29,23,1.0,小曾,离散型变量,0.98,大学,概念
906,29,24,0.9,小曾,分布律,0.7,大学,概念
907,29,25,1.0,小曾,0-1分布,0.27,大学,概念
910,29,26,0.86,小曾,二项分布,0.92,大学,概念
911,29,27,0.83,小曾,泊松分布,0.79,大学,概念
908,29,28,0.91,小曾,几何分布,0.48,大学,概念
909,29,29,0.93,小曾,超几何分布,0.71,大学,概念
900,29,30,0.89,小曾,连续型变量,0.5,大学,概念
901,29,31,0.81,小曾,概率密度,0.54,大学,概念
902,29,32,0.95,小曾,均匀分布,0.47,大学,概念
903,29,33,1.0,小曾,指数分布,0.52,大学,概念
904,29,34,0.83,小曾,正态分布,0.59,大学,概念
897,29,35,0.85,小曾,多维随机变量,0.94,大学,概念
912,29,36,0.88,小曾,矩母函数,0.35,大学,概念
913,29,37,0.86,小曾,数学期望,0.58,大学,概念
917,29,38,0.86,小曾,方差 & 标准差,0.94,大学,概念
914,29,39,0.97,小曾,协方差,0.75,大学,概念
915,29,40,1.0,小曾,相关系数 ρ,0.62,大学,概念
916,29,41,0.92,小曾,独立性与不相关性,0.93,大学,概念
918,29,42,1.0,小曾,切比雪夫不等式,0.26,大学,定理
919,29,43,0.89,小曾,大数定律,0.28,大学,定理
920,29,44,0.89,小曾,中心极限定理,0.22,大学,定理
924,29,45,1.0,小曾,总体、样本、统计量,0.93,大学,概念
922,29,46,0.81,小曾,χ²分布,0.41,大学,概念
923,29,47,0.91,小曾,t分布,0.44,大学,概念
921,29,48,0.85,小曾,F分布,0.22,大学,概念
925,29,49,1.0,小曾,正态总体下的抽样分布定理,0.63,大学,定理
927,29,50,1.0,小曾,参数估计,0.97,大学,概念
928,29,51,0.96,小曾,点估计,0.33,大学,概念
926,29,55,0.85,小曾,假设检验,0.91,大学,概念
929,29,56,1.0,小曾,估计量的评价标准,0.33,大学,概念
930,29,57,0.0,小曾,无偏性,0.3,大学,概念
883,29,7,0.84,小曾,随机现象,0.58,大学,概念
884,29,8,0.8,小曾,随机试验,0.71,大学,概念
885,29,9,0.83,小曾,样本空间,0.84,大学,概念
934,30,10,0.97,小彭,随机事件,0.65,大学,概念
935,30,11,0.83,小彭,排列 & 组合,0.92,大学,概念
936,30,12,0.84,小彭,古典概型,0.47,大学,概念
937,30,13,0.95,小彭,概率,0.95,大学,概念
938,30,14,0.95,小彭,加法/减法公式,0.22,大学,概念
939,30,15,0.92,小彭,条件概率,0.91,大学,概念
940,30,16,0.91,小彭,乘法公式,0.8,大学,概念
941,30,17,0.9,小彭,事件的相互独立,0.09,大学,概念
942,30,18,0.83,小彭,全概率公式,0.94,大学,定理
943,30,19,0.93,小彭,贝叶斯公式,0.54,大学,定理
944,30,20,1.0,小彭,一维随机变量,0.86,大学,概念
946,30,21,0.92,小彭,分布函数,0.97,大学,概念
947,30,22,0.54,小彭,随机变量函数的分布,0.3,大学,概念
945,30,35,0.94,小彭,多维随机变量,0.94,大学,概念
931,30,7,0.84,小彭,随机现象,0.58,大学,概念
932,30,8,1.0,小彭,随机试验,0.71,大学,概念
933,30,9,0.83,小彭,样本空间,0.84,大学,概念
951,31,10,0.93,小吕,随机事件,0.65,大学,概念
952,31,11,1.0,小吕,排列 & 组合,0.92,大学,概念
953,31,12,0.91,小吕,古典概型,0.47,大学,概念
954,31,13,0.83,小吕,概率,0.95,大学,概念
955,31,14,1.0,小吕,加法/减法公式,0.22,大学,概念
956,31,15,0.92,小吕,条件概率,0.91,大学,概念
957,31,16,0.88,小吕,乘法公式,0.8,大学,概念
958,31,17,0.88,小吕,事件的相互独立,0.09,大学,概念
959,31,18,0.82,小吕,全概率公式,0.94,大学,定理
960,31,19,0.91,小吕,贝叶斯公式,0.54,大学,定理
961,31,20,0.92,小吕,一维随机变量,0.86,大学,概念
963,31,21,0.89,小吕,分布函数,0.97,大学,概念
964,31,22,0.88,小吕,随机变量函数的分布,0.3,大学,概念
970,31,23,0.89,小吕,离散型变量,0.98,大学,概念
971,31,24,0.89,小吕,分布律,0.7,大学,概念
972,31,25,0.86,小吕,0-1分布,0.27,大学,概念
975,31,26,0.92,小吕,二项分布,0.92,大学,概念
976,31,27,0.81,小吕,泊松分布,0.79,大学,概念
973,31,28,0.87,小吕,几何分布,0.48,大学,概念
974,31,29,0.99,小吕,超几何分布,0.71,大学,概念
965,31,30,0.82,小吕,连续型变量,0.5,大学,概念
966,31,31,0.94,小吕,概率密度,0.54,大学,概念
967,31,32,0.83,小吕,均匀分布,0.47,大学,概念
968,31,33,1.0,小吕,指数分布,0.52,大学,概念
969,31,34,0.8,小吕,正态分布,0.59,大学,概念
962,31,35,0.91,小吕,多维随机变量,0.94,大学,概念
977,31,36,1.0,小吕,矩母函数,0.35,大学,概念
978,31,37,0.8,小吕,数学期望,0.58,大学,概念
982,31,38,0.8,小吕,方差 & 标准差,0.94,大学,概念
979,31,39,0.86,小吕,协方差,0.75,大学,概念
980,31,40,0.93,小吕,相关系数 ρ,0.62,大学,概念
981,31,41,0.91,小吕,独立性与不相关性,0.93,大学,概念
983,31,42,0.9,小吕,切比雪夫不等式,0.26,大学,定理
984,31,43,0.86,小吕,大数定律,0.28,大学,定理
985,31,44,1.0,小吕,中心极限定理,0.22,大学,定理
989,31,45,0.88,小吕,总体、样本、统计量,0.93,大学,概念
987,31,46,0.88,小吕,χ²分布,0.41,大学,概念
988,31,47,0.83,小吕,t分布,0.44,大学,概念
986,31,48,0.84,小吕,F分布,0.22,大学,概念
990,31,49,0.88,小吕,正态总体下的抽样分布定理,0.63,大学,定理
992,31,50,0.84,小吕,参数估计,0.97,大学,概念
993,31,51,0.82,小吕,点估计,0.33,大学,概念
1000,31,52,0.81,小吕,区间估计,0.94,大学,概念
996,31,53,0.9,小吕,矩估计法,0.38,大学,概念
998,31,54,0.87,小吕,最大似然估计法,0.87,大学,概念
991,31,55,0.87,小吕,假设检验,0.91,大学,概念
994,31,56,0.88,小吕,估计量的评价标准,0.33,大学,概念
995,31,57,1.0,小吕,无偏性,0.3,大学,概念
997,31,58,0.87,小吕,有效性,0.52,大学,概念
999,31,59,0.81,小吕,一致性,0.91,大学,概念
948,31,7,0.86,小吕,随机现象,0.58,大学,概念
949,31,8,0.82,小吕,随机试验,0.71,大学,概念
950,31,9,0.94,小吕,样本空间,0.84,大学,概念
1004,32,10,0.87,小苏,随机事件,0.65,大学,概念
1005,32,11,0.81,小苏,排列 & 组合,0.92,大学,概念
1006,32,12,0.92,小苏,古典概型,0.47,大学,概念
1007,32,13,0.84,小苏,概率,0.95,大学,概念
1008,32,14,0.9,小苏,加法/减法公式,0.22,大学,概念
1009,32,15,0.94,小苏,条件概率,0.91,大学,概念
1010,32,16,0.82,小苏,乘法公式,0.8,大学,概念
1011,32,17,1.0,小苏,事件的相互独立,0.09,大学,概念
1012,32,18,0.91,小苏,全概率公式,0.94,大学,定理
1013,32,19,0.88,小苏,贝叶斯公式,0.54,大学,定理
1014,32,20,0.82,小苏,一维随机变量,0.86,大学,概念
1016,32,21,1.0,小苏,分布函数,0.97,大学,概念
1017,32,22,0.91,小苏,随机变量函数的分布,0.3,大学,概念
1023,32,23,0.87,小苏,离散型变量,0.98,大学,概念
1024,32,24,0.92,小苏,分布律,0.7,大学,概念
1025,32,25,0.84,小苏,0-1分布,0.27,大学,概念
1028,32,26,0.84,小苏,二项分布,0.92,大学,概念
1029,32,27,0.88,小苏,泊松分布,0.79,大学,概念
1026,32,28,0.84,小苏,几何分布,0.48,大学,概念
1027,32,29,0.87,小苏,超几何分布,0.71,大学,概念
1018,32,30,0.88,小苏,连续型变量,0.5,大学,概念
1019,32,31,0.95,小苏,概率密度,0.54,大学,概念
1020,32,32,0.84,小苏,均匀分布,0.47,大学,概念
1021,32,33,0.84,小苏,指数分布,0.52,大学,概念
1022,32,34,0.83,小苏,正态分布,0.59,大学,概念
1015,32,35,0.97,小苏,多维随机变量,0.94,大学,概念
1030,32,36,0.9,小苏,矩母函数,0.35,大学,概念
1031,32,37,0.91,小苏,数学期望,0.58,大学,概念
1035,32,38,0.84,小苏,方差 & 标准差,0.94,大学,概念
1032,32,39,0.94,小苏,协方差,0.75,大学,概念
1033,32,40,0.99,小苏,相关系数 ρ,0.62,大学,概念
1034,32,41,0.92,小苏,独立性与不相关性,0.93,大学,概念
1036,32,42,0.86,小苏,切比雪夫不等式,0.26,大学,定理
1037,32,43,0.87,小苏,大数定律,0.28,大学,定理
1038,32,44,0.94,小苏,中心极限定理,0.22,大学,定理
1042,32,45,0.89,小苏,总体、样本、统计量,0.93,大学,概念
1040,32,46,0.87,小苏,χ²分布,0.41,大学,概念
1041,32,47,0.91,小苏,t分布,0.44,大学,概念
1039,32,48,0.86,小苏,F分布,0.22,大学,概念
1043,32,49,0.86,小苏,正态总体下的抽样分布定理,0.63,大学,定理
1045,32,50,0.82,小苏,参数估计,0.97,大学,概念
1046,32,51,0.82,小苏,点估计,0.33,大学,概念
1053,32,52,0.95,小苏,区间估计,0.94,大学,概念
1049,32,53,0.91,小苏,矩估计法,0.38,大学,概念
1051,32,54,0.94,小苏,最大似然估计法,0.87,大学,概念
1044,32,55,0.89,小苏,假设检验,0.91,大学,概念
1047,32,56,0.89,小苏,估计量的评价标准,0.33,大学,概念
1048,32,57,0.86,小苏,无偏性,0.3,大学,概念
1050,32,58,0.92,小苏,有效性,0.52,大学,概念
1052,32,59,0.85,小苏,一致性,0.91,大学,概念
1001,32,7,0.86,小苏,随机现象,0.58,大学,概念
1002,32,8,0.83,小苏,随机试验,0.71,大学,概念
1003,32,9,0.88,小苏,样本空间,0.84,大学,概念
1057,33,10,1.0,小卢,随机事件,0.65,大学,概念
1058,33,11,0.87,小卢,排列 & 组合,0.92,大学,概念
1059,33,12,0.81,小卢,古典概型,0.47,大学,概念
1060,33,13,0.9,小卢,概率,0.95,大学,概念
1061,33,14,1.0,小卢,加法/减法公式,0.22,大学,概念
1062,33,15,0.88,小卢,条件概率,0.91,大学,概念
1063,33,16,1.0,小卢,乘法公式,0.8,大学,概念
1064,33,17,0.83,小卢,事件的相互独立,0.09,大学,概念
1065,33,18,0.37,小卢,全概率公式,0.94,大学,定理
1054,33,7,1.0,小卢,随机现象,0.58,大学,概念
1055,33,8,1.0,小卢,随机试验,0.71,大学,概念
1056,33,9,0.94,小卢,样本空间,0.84,大学,概念
1069,34,10,0.93,小蒋,随机事件,0.65,大学,概念
1070,34,11,1.0,小蒋,排列 & 组合,0.92,大学,概念
1071,34,12,0.96,小蒋,古典概型,0.47,大学,概念
1072,34,13,0.91,小蒋,概率,0.95,大学,概念
1073,34,14,0.84,小蒋,加法/减法公式,0.22,大学,概念
1074,34,15,0.94,小蒋,条件概率,0.91,大学,概念
1075,34,16,0.88,小蒋,乘法公式,0.8,大学,概念
1076,34,17,0.81,小蒋,事件的相互独立,0.09,大学,概念
1077,34,18,0.89,小蒋,全概率公式,0.94,大学,定理
1078,34,19,0.85,小蒋,贝叶斯公式,0.54,大学,定理
1079,34,20,0.84,小蒋,一维随机变量,0.86,大学,概念
1081,34,21,0.92,小蒋,分布函数,0.97,大学,概念
1082,34,22,0.8,小蒋,随机变量函数的分布,0.3,大学,概念
1088,34,23,0.88,小蒋,离散型变量,0.98,大学,概念
1089,34,24,0.88,小蒋,分布律,0.7,大学,概念
1090,34,25,1.0,小蒋,0-1分布,0.27,大学,概念
1093,34,26,0.83,小蒋,二项分布,0.92,大学,概念
1094,34,27,0.84,小蒋,泊松分布,0.79,大学,概念
1091,34,28,0.85,小蒋,几何分布,0.48,大学,概念
1092,34,29,0.93,小蒋,超几何分布,0.71,大学,概念
1083,34,30,0.86,小蒋,连续型变量,0.5,大学,概念
1084,34,31,0.96,小蒋,概率密度,0.54,大学,概念
1085,34,32,0.83,小蒋,均匀分布,0.47,大学,概念
1086,34,33,0.92,小蒋,指数分布,0.52,大学,概念
1087,34,34,0.82,小蒋,正态分布,0.59,大学,概念
1080,34,35,0.82,小蒋,多维随机变量,0.94,大学,概念
1095,34,36,0.92,小蒋,矩母函数,0.35,大学,概念
1096,34,37,0.9,小蒋,数学期望,0.58,大学,概念
1100,34,38,0.87,小蒋,方差 & 标准差,0.94,大学,概念
1097,34,39,0.9,小蒋,协方差,0.75,大学,概念
1098,34,40,0.9,小蒋,相关系数 ρ,0.62,大学,概念
1099,34,41,0.82,小蒋,独立性与不相关性,0.93,大学,概念
1101,34,42,0.92,小蒋,切比雪夫不等式,0.26,大学,定理
1102,34,43,1.0,小蒋,大数定律,0.28,大学,定理
1103,34,44,0.86,小蒋,中心极限定理,0.22,大学,定理
1107,34,45,1.0,小蒋,总体、样本、统计量,0.93,大学,概念
1105,34,46,0.93,小蒋,χ²分布,0.41,大学,概念
1106,34,47,0.8,小蒋,t分布,0.44,大学,概念
1104,34,48,0.9,小蒋,F分布,0.22,大学,概念
1108,34,49,0.8,小蒋,正态总体下的抽样分布定理,0.63,大学,定理
1110,34,50,1.0,小蒋,参数估计,0.97,大学,概念
1111,34,51,0.86,小蒋,点估计,0.33,大学,概念
1118,34,52,0.81,小蒋,区间估计,0.94,大学,概念
1114,34,53,0.9,小蒋,矩估计法,0.38,大学,概念
1116,34,54,0.89,小蒋,最大似然估计法,0.87,大学,概念
1109,34,55,0.83,小蒋,假设检验,0.91,大学,概念
1112,34,56,0.89,小蒋,估计量的评价标准,0.33,大学,概念
1113,34,57,0.81,小蒋,无偏性,0.3,大学,概念
1115,34,58,0.91,小蒋,有效性,0.52,大学,概念
1117,34,59,0.85,小蒋,一致性,0.91,大学,概念
1066,34,7,0.89,小蒋,随机现象,0.58,大学,概念
1067,34,8,0.81,小蒋,随机试验,0.71,大学,概念
1068,34,9,0.85,小蒋,样本空间,0.84,大学,概念
1122,35,10,0.95,小蔡,随机事件,0.65,大学,概念
1123,35,11,0.87,小蔡,排列 & 组合,0.92,大学,概念
1124,35,12,0.82,小蔡,古典概型,0.47,大学,概念
1125,35,13,0.91,小蔡,概率,0.95,大学,概念
1126,35,14,0.85,小蔡,加法/减法公式,0.22,大学,概念
1127,35,15,0.92,小蔡,条件概率,0.91,大学,概念
1128,35,16,0.85,小蔡,乘法公式,0.8,大学,概念
1129,35,17,0.83,小蔡,事件的相互独立,0.09,大学,概念
1130,35,18,0.91,小蔡,全概率公式,0.94,大学,定理
1131,35,19,0.9,小蔡,贝叶斯公式,0.54,大学,定理
1132,35,20,0.55,小蔡,一维随机变量,0.86,大学,概念
1119,35,7,0.91,小蔡,随机现象,0.58,大学,概念
1120,35,8,0.82,小蔡,随机试验,0.71,大学,概念
1121,35,9,0.91,小蔡,样本空间,0.84,大学,概念
1136,36,10,0.92,小贾,随机事件,0.65,大学,概念
1137,36,11,1.0,小贾,排列 & 组合,0.92,大学,概念
1138,36,12,0.89,小贾,古典概型,0.47,大学,概念
1139,36,13,0.87,小贾,概率,0.95,大学,概念
1140,36,14,0.88,小贾,加法/减法公式,0.22,大学,概念
1141,36,15,0.95,小贾,条件概率,0.91,大学,概念
1142,36,16,1.0,小贾,乘法公式,0.8,大学,概念
1143,36,17,0.86,小贾,事件的相互独立,0.09,大学,概念
1144,36,18,0.86,小贾,全概率公式,0.94,大学,定理
1145,36,19,1.0,小贾,贝叶斯公式,0.54,大学,定理
1146,36,20,1.0,小贾,一维随机变量,0.86,大学,概念
1148,36,21,0.86,小贾,分布函数,0.97,大学,概念
1149,36,22,0.93,小贾,随机变量函数的分布,0.3,大学,概念
1155,36,23,1.0,小贾,离散型变量,0.98,大学,概念
1156,36,24,0.99,小贾,分布律,0.7,大学,概念
1157,36,25,0.28,小贾,0-1分布,0.27,大学,概念
1150,36,30,0.84,小贾,连续型变量,0.5,大学,概念
1151,36,31,1.0,小贾,概率密度,0.54,大学,概念
1152,36,32,1.0,小贾,均匀分布,0.47,大学,概念
1153,36,33,0.95,小贾,指数分布,0.52,大学,概念
1154,36,34,1.0,小贾,正态分布,0.59,大学,概念
1147,36,35,0.9,小贾,多维随机变量,0.94,大学,概念
1133,36,7,1.0,小贾,随机现象,0.58,大学,概念
1134,36,8,1.0,小贾,随机试验,0.71,大学,概念
1135,36,9,0.83,小贾,样本空间,0.84,大学,概念
1161,37,10,0.89,小丛,随机事件,0.65,大学,概念
1162,37,11,1.0,小丛,排列 & 组合,0.92,大学,概念
1163,37,12,0.82,小丛,古典概型,0.47,大学,概念
1164,37,13,0.83,小丛,概率,0.95,大学,概念
1165,37,14,1.0,小丛,加法/减法公式,0.22,大学,概念
1166,37,15,0.89,小丛,条件概率,0.91,大学,概念
1167,37,16,0.84,小丛,乘法公式,0.8,大学,概念
1168,37,17,0.89,小丛,事件的相互独立,0.09,大学,概念
1169,37,18,1.0,小丛,全概率公式,0.94,大学,定理
1170,37,19,0.89,小丛,贝叶斯公式,0.54,大学,定理
1171,37,20,0.81,小丛,一维随机变量,0.86,大学,概念
1173,37,21,0.91,小丛,分布函数,0.97,大学,概念
1174,37,22,0.85,小丛,随机变量函数的分布,0.3,大学,概念
1180,37,23,0.85,小丛,离散型变量,0.98,大学,概念
1181,37,24,0.87,小丛,分布律,0.7,大学,概念
1182,37,25,0.9,小丛,0-1分布,0.27,大学,概念
1185,37,26,0.81,小丛,二项分布,0.92,大学,概念
1186,37,27,0.87,小丛,泊松分布,0.79,大学,概念
1183,37,28,0.87,小丛,几何分布,0.48,大学,概念
1184,37,29,0.88,小丛,超几何分布,0.71,大学,概念
1175,37,30,0.87,小丛,连续型变量,0.5,大学,概念
1176,37,31,0.96,小丛,概率密度,0.54,大学,概念
1177,37,32,0.95,小丛,均匀分布,0.47,大学,概念
1178,37,33,0.84,小丛,指数分布,0.52,大学,概念
1179,37,34,0.85,小丛,正态分布,0.59,大学,概念
1172,37,35,0.95,小丛,多维随机变量,0.94,大学,概念
1187,37,36,0.9,小丛,矩母函数,0.35,大学,概念
1188,37,37,0.81,小丛,数学期望,0.58,大学,概念
1192,37,38,0.95,小丛,方差 & 标准差,0.94,大学,概念
1189,37,39,1.0,小丛,协方差,0.75,大学,概念
1190,37,40,0.97,小丛,相关系数 ρ,0.62,大学,概念
1191,37,41,0.9,小丛,独立性与不相关性,0.93,大学,概念
1193,37,42,0.84,小丛,切比雪夫不等式,0.26,大学,定理
1194,37,43,0.95,小丛,大数定律,0.28,大学,定理
1195,37,44,0.89,小丛,中心极限定理,0.22,大学,定理
1199,37,45,0.88,小丛,总体、样本、统计量,0.93,大学,概念
1197,37,46,0.86,小丛,χ²分布,0.41,大学,概念
1198,37,47,0.86,小丛,t分布,0.44,大学,概念
1196,37,48,0.89,小丛,F分布,0.22,大学,概念
1200,37,49,0.86,小丛,正态总体下的抽样分布定理,0.63,大学,定理
1202,37,50,0.28,小丛,参数估计,0.97,大学,概念
1201,37,55,0.83,小丛,假设检验,0.91,大学,概念
1158,37,7,1.0,小丛,随机现象,0.58,大学,概念
1159,37,8,0.84,小丛,随机试验,0.71,大学,概念
1160,37,9,0.89,小丛,样本空间,0.84,大学,概念
1206,38,10,0.96,小关,随机事件,0.65,大学,概念
1207,38,11,0.87,小关,排列 & 组合,0.92,大学,概念
1208,38,12,0.8,小关,古典概型,0.47,大学,概念
1209,38,13,0.91,小关,概率,0.95,大学,概念
1210,38,14,0.88,小关,加法/减法公式,0.22,大学,概念
1211,38,15,0.84,小关,条件概率,0.91,大学,概念
1212,38,16,0.89,小关,乘法公式,0.8,大学,概念
1213,38,17,0.81,小关,事件的相互独立,0.09,大学,概念
1214,38,18,0.83,小关,全概率公式,0.94,大学,定理
1215,38,19,0.85,小关,贝叶斯公式,0.54,大学,定理
1216,38,20,0.97,小关,一维随机变量,0.86,大学,概念
1218,38,21,0.81,小关,分布函数,0.97,大学,概念
1219,38,22,0.92,小关,随机变量函数的分布,0.3,大学,概念
1225,38,23,0.81,小关,离散型变量,0.98,大学,概念
1226,38,24,1.0,小关,分布律,0.7,大学,概念
1227,38,25,0.75,小关,0-1分布,0.27,大学,概念
1220,38,30,0.8,小关,连续型变量,0.5,大学,概念
1221,38,31,0.86,小关,概率密度,0.54,大学,概念
1222,38,32,0.93,小关,均匀分布,0.47,大学,概念
1223,38,33,0.94,小关,指数分布,0.52,大学,概念
1224,38,34,0.83,小关,正态分布,0.59,大学,概念
1217,38,35,0.9,小关,多维随机变量,0.94,大学,概念
1203,38,7,0.87,小关,随机现象,0.58,大学,概念
1204,38,8,0.96,小关,随机试验,0.71,大学,概念
1205,38,9,0.94,小关,样本空间,0.84,大学,概念
1231,39,10,0.91,小兰,随机事件,0.65,大学,概念
1232,39,11,0.82,小兰,排列 & 组合,0.92,大学,概念
1233,39,12,0.86,小兰,古典概型,0.47,大学,概念
1234,39,13,0.88,小兰,概率,0.95,大学,概念
1235,39,14,0.86,小兰,加法/减法公式,0.22,大学,概念
1236,39,15,0.9,小兰,条件概率,0.91,大学,概念
1237,39,16,0.83,小兰,乘法公式,0.8,大学,概念
1238,39,17,0.8,小兰,事件的相互独立,0.09,大学,概念
1239,39,18,0.9,小兰,全概率公式,0.94,大学,定理
1240,39,19,0.82,小兰,贝叶斯公式,0.54,大学,定理
1241,39,20,0.96,小兰,一维随机变量,0.86,大学,概念
1243,39,21,0.84,小兰,分布函数,0.97,大学,概念
1244,39,22,0.93,小兰,随机变量函数的分布,0.3,大学,概念
1250,39,23,0.86,小兰,离散型变量,0.98,大学,概念
1251,39,24,0.81,小兰,分布律,0.7,大学,概念
1252,39,25,0.86,小兰,0-1分布,0.27,大学,概念
1255,39,26,1.0,小兰,二项分布,0.92,大学,概念
1256,39,27,0.9,小兰,泊松分布,0.79,大学,概念
1253,39,28,0.87,小兰,几何分布,0.48,大学,概念
1254,39,29,0.82,小兰,超几何分布,0.71,大学,概念
1245,39,30,0.89,小兰,连续型变量,0.5,大学,概念
1246,39,31,0.85,小兰,概率密度,0.54,大学,概念
1247,39,32,0.93,小兰,均匀分布,0.47,大学,概念
1248,39,33,0.93,小兰,指数分布,0.52,大学,概念
1249,39,34,0.87,小兰,正态分布,0.59,大学,概念
1242,39,35,0.85,小兰,多维随机变量,0.94,大学,概念
1257,39,36,0.32,小兰,矩母函数,0.35,大学,概念
1228,39,7,0.91,小兰,随机现象,0.58,大学,概念
1229,39,8,1.0,小兰,随机试验,0.71,大学,概念
1230,39,9,0.89,小兰,样本空间,0.84,大学,概念
1261,40,10,0.97,小方,随机事件,0.65,大学,概念
1262,40,11,0.82,小方,排列 & 组合,0.92,大学,概念
1263,40,12,0.85,小方,古典概型,0.47,大学,概念
1264,40,13,0.82,小方,概率,0.95,大学,概念
1265,40,14,0.97,小方,加法/减法公式,0.22,大学,概念
1266,40,15,0.82,小方,条件概率,0.91,大学,概念
1267,40,16,1.0,小方,乘法公式,0.8,大学,概念
1268,40,17,0.82,小方,事件的相互独立,0.09,大学,概念
1269,40,18,0.89,小方,全概率公式,0.94,大学,定理
1270,40,19,0.96,小方,贝叶斯公式,0.54,大学,定理
1271,40,20,1.0,小方,一维随机变量,0.86,大学,概念
1273,40,21,0.88,小方,分布函数,0.97,大学,概念
1274,40,22,0.8,小方,随机变量函数的分布,0.3,大学,概念
1280,40,23,1.0,小方,离散型变量,0.98,大学,概念
1281,40,24,0.85,小方,分布律,0.7,大学,概念
1282,40,25,0.98,小方,0-1分布,0.27,大学,概念
1285,40,26,0.9,小方,二项分布,0.92,大学,概念
1286,40,27,0.84,小方,泊松分布,0.79,大学,概念
1283,40,28,0.82,小方,几何分布,0.48,大学,概念
1284,40,29,0.87,小方,超几何分布,0.71,大学,概念
1275,40,30,0.98,小方,连续型变量,0.5,大学,概念
1276,40,31,0.89,小方,概率密度,0.54,大学,概念
1277,40,32,0.87,小方,均匀分布,0.47,大学,概念
1278,40,33,0.9,小方,指数分布,0.52,大学,概念
1279,40,34,0.99,小方,正态分布,0.59,大学,概念
1272,40,35,0.81,小方,多维随机变量,0.94,大学,概念
1287,40,36,0.84,小方,矩母函数,0.35,大学,概念
1288,40,37,1.0,小方,数学期望,0.58,大学,概念
1292,40,38,0.8,小方,方差 & 标准差,0.94,大学,概念
1289,40,39,0.91,小方,协方差,0.75,大学,概念
1290,40,40,1.0,小方,相关系数 ρ,0.62,大学,概念
1291,40,41,0.8,小方,独立性与不相关性,0.93,大学,概念
1293,40,42,0.86,小方,切比雪夫不等式,0.26,大学,定理
1294,40,43,0.84,小方,大数定律,0.28,大学,定理
1295,40,44,0.83,小方,中心极限定理,0.22,大学,定理
1299,40,45,0.57,小方,总体、样本、统计量,0.93,大学,概念
1297,40,46,0.86,小方,χ²分布,0.41,大学,概念
1298,40,47,0.84,小方,t分布,0.44,大学,概念
1296,40,48,0.89,小方,F分布,0.22,大学,概念
1258,40,7,0.82,小方,随机现象,0.58,大学,概念
1259,40,8,0.8,小方,随机试验,0.71,大学,概念
1260,40,9,0.86,小方,样本空间,0.84,大学,概念
1303,41,10,0.97,小史,随机事件,0.65,大学,概念
1304,41,11,0.96,小史,排列 & 组合,0.92,大学,概念
1305,41,12,0.88,小史,古典概型,0.47,大学,概念
1306,41,13,0.88,小史,概率,0.95,大学,概念
1307,41,14,1.0,小史,加法/减法公式,0.22,大学,概念
1308,41,15,0.91,小史,条件概率,0.91,大学,概念
1309,41,16,0.88,小史,乘法公式,0.8,大学,概念
1310,41,17,0.97,小史,事件的相互独立,0.09,大学,概念
1311,41,18,0.84,小史,全概率公式,0.94,大学,定理
1312,41,19,0.94,小史,贝叶斯公式,0.54,大学,定理
1313,41,20,0.83,小史,一维随机变量,0.86,大学,概念
1315,41,21,0.84,小史,分布函数,0.97,大学,概念
1316,41,22,0.99,小史,随机变量函数的分布,0.3,大学,概念
1322,41,23,0.92,小史,离散型变量,0.98,大学,概念
1323,41,24,0.91,小史,分布律,0.7,大学,概念
1324,41,25,0.95,小史,0-1分布,0.27,大学,概念
1327,41,26,0.0,小史,二项分布,0.92,大学,概念
1325,41,28,0.84,小史,几何分布,0.48,大学,概念
1326,41,29,0.88,小史,超几何分布,0.71,大学,概念
1317,41,30,0.88,小史,连续型变量,0.5,大学,概念
1318,41,31,0.93,小史,概率密度,0.54,大学,概念
1319,41,32,0.9,小史,均匀分布,0.47,大学,概念
1320,41,33,1.0,小史,指数分布,0.52,大学,概念
1321,41,34,0.98,小史,正态分布,0.59,大学,概念
1314,41,35,0.95,小史,多维随机变量,0.94,大学,概念
1300,41,7,0.95,小史,随机现象,0.58,大学,概念
1301,41,8,0.82,小史,随机试验,0.71,大学,概念
1302,41,9,0.86,小史,样本空间,0.84,大学,概念
